Episode,Episode Score,Running Average
1,630.0,630.0
2,310.0,470.0
3,930.0,623.3333333333334
4,880.0,687.5
5,160.0,582.0
6,630.0,590.0
7,830.0,624.2857142857143
8,1130.0,687.5
9,1080.0,731.1111111111111
10,880.0,746.0
11,680.0,740.0
12,730.0,739.1666666666666
13,730.0,738.4615384615385
14,430.0,716.4285714285714
15,980.0,734.0
16,780.0,736.875
17,580.0,727.6470588235294
18,730.0,727.7777777777778
19,480.0,714.7368421052631
20,1080.0,733.0
21,1350.0,762.3809523809524
22,380.0,745.0
23,980.0,755.2173913043479
24,1180.0,772.9166666666666
25,630.0,767.2
26,730.0,765.7692307692307
27,580.0,758.8888888888889
28,980.0,766.7857142857143
29,560.0,759.6551724137931
30,1130.0,772.0
31,1080.0,781.9354838709677
32,380.0,769.375
33,980.0,775.7575757575758
34,830.0,777.3529411764706
35,1180.0,788.8571428571429
36,780.0,788.6111111111111
37,980.0,793.7837837837837
38,680.0,790.7894736842105
39,1180.0,800.7692307692307
40,1180.0,810.25
41,380.0,799.7560975609756
42,780.0,799.2857142857143
43,980.0,803.4883720930233
44,980.0,807.5
45,430.0,799.1111111111111
46,830.0,799.7826086956521
47,830.0,800.4255319148937
48,980.0,804.1666666666666
49,980.0,807.7551020408164
50,780.0,807.2
51,1030.0,811.5686274509804
52,1180.0,818.6538461538462
53,980.0,821.6981132075472
54,1030.0,825.5555555555555
55,830.0,825.6363636363636
56,780.0,824.8214285714286
57,780.0,824.0350877192982
58,610.0,820.3448275862069
59,980.0,823.0508474576271
60,1180.0,829.0
61,980.0,831.4754098360655
62,830.0,831.4516129032259
63,580.0,827.4603174603175
64,880.0,828.28125
65,380.0,821.3846153846154
66,530.0,816.969696969697
67,1180.0,822.3880597014926
68,530.0,818.0882352941177
69,630.0,815.3623188405797
70,280.0,807.7142857142857
71,430.0,802.3943661971831
72,780.0,802.0833333333334
73,1180.0,807.2602739726027
74,630.0,804.8648648648649
75,1080.0,808.5333333333333
76,380.0,802.8947368421053
77,1180.0,807.7922077922078
78,680.0,806.1538461538462
79,880.0,807.0886075949367
80,1080.0,810.5
81,1080.0,813.8271604938271
82,280.0,807.3170731707318
83,1080.0,810.6024096385543
84,530.0,807.2619047619048
85,1180.0,811.6470588235294
86,380.0,806.6279069767442
87,980.0,808.6206896551724
88,730.0,807.7272727272727
89,880.0,808.5393258426966
90,1080.0,811.5555555555555
91,730.0,810.6593406593406
92,610.0,808.4782608695652
93,880.0,809.247311827957
94,1280.0,814.2553191489362
95,880.0,814.9473684210526
96,830.0,815.1041666666666
97,580.0,812.680412371134
98,430.0,808.7755102040817
99,280.0,803.4343434343434
100,830.0,803.7
101,830.0,805.7
102,280.0,805.4
103,1130.0,807.4
104,380.0,802.4
105,480.0,805.6
106,1180.0,811.1
107,930.0,812.1
108,210.0,802.9
109,780.0,799.9
110,880.0,799.9
111,980.0,802.9
112,1320.0,808.8
113,830.0,809.8
114,1180.0,817.3
115,580.0,813.3
116,1130.0,816.8
117,1180.0,822.8
118,360.0,819.1
119,430.0,818.6
120,930.0,817.1
121,580.0,809.4
122,980.0,815.4
123,380.0,809.4
124,880.0,806.4
125,1130.0,811.4
126,1030.0,814.4
127,1320.0,821.8
128,630.0,818.3
129,830.0,821.0
130,1080.0,820.5
131,930.0,819.0
132,980.0,825.0
133,1030.0,825.5
134,1030.0,827.5
135,630.0,822.0
136,980.0,824.0
137,980.0,824.0
138,730.0,824.5
139,780.0,820.5
140,580.0,814.5
141,830.0,819.0
142,1030.0,821.5
143,1080.0,822.5
144,730.0,820.0
145,1030.0,826.0
146,930.0,827.0
147,430.0,823.0
148,680.0,820.0
149,780.0,818.0
150,1030.0,820.5
151,310.0,813.3
152,1180.0,813.3
153,880.0,812.3
154,1080.0,812.8
155,1180.0,816.3
156,780.0,816.3
157,780.0,816.3
158,380.0,814.0
159,980.0,814.0
160,480.0,807.0
161,830.0,805.5
162,580.0,803.0
163,380.0,801.0
164,880.0,801.0
165,1080.0,808.0
166,1300.0,815.7
167,580.0,809.7
168,980.0,814.2
169,830.0,816.2
170,880.0,822.2
171,1180.0,829.7
172,780.0,829.7
173,330.0,821.2
174,930.0,824.2
175,830.0,821.7
176,610.0,824.0
177,930.0,821.5
178,1080.0,825.5
179,830.0,825.0
180,1350.0,827.7
181,1030.0,827.2
182,880.0,833.2
183,680.0,829.2
184,630.0,830.2
185,1030.0,828.7
186,480.0,829.7
187,630.0,826.2
188,1180.0,830.7
189,680.0,828.7
190,930.0,827.2
191,680.0,826.7
192,280.0,823.4
193,630.0,820.9
194,1180.0,819.9
195,1180.0,822.9
196,780.0,822.4
197,880.0,825.4
198,1080.0,831.9
199,1180.0,840.9
200,760.0,840.2
201,380.0,835.7
202,1080.0,843.7
203,980.0,842.2
204,1030.0,848.7
205,330.0,847.2
206,460.0,840.0
207,1130.0,842.0
208,230.0,842.2
209,880.0,843.2
210,680.0,841.2
211,780.0,839.2
212,260.0,828.6
213,430.0,824.6
214,180.0,814.6
215,1030.0,819.1
216,480.0,812.6
217,580.0,806.6
218,580.0,808.8
219,180.0,806.3
220,580.0,802.8
221,730.0,804.3
222,930.0,803.8
223,1320.0,813.2
224,1180.0,816.2
225,1030.0,815.2
226,1180.0,816.7
227,730.0,810.8
228,1080.0,815.3
229,730.0,814.3
230,1130.0,814.8
231,980.0,815.3
232,880.0,814.3
233,1080.0,814.8
234,780.0,812.3
235,480.0,810.8
236,880.0,809.8
237,480.0,804.8
238,530.0,802.8
239,980.0,804.8
240,480.0,803.8
241,430.0,799.8
242,730.0,796.8
243,880.0,794.8
244,730.0,794.8
245,1280.0,797.3
246,980.0,797.8
247,980.0,803.3
248,830.0,804.8
249,680.0,803.8
250,880.0,802.3
251,580.0,805.0
252,580.0,799.0
253,410.0,794.3
254,630.0,789.8
255,580.0,783.8
256,630.0,782.3
257,530.0,779.8
258,780.0,783.8
259,380.0,777.8
260,630.0,779.3
261,1030.0,781.3
262,380.0,779.3
263,1180.0,787.3
264,630.0,784.8
265,1620.0,790.2
266,530.0,782.5
267,730.0,784.0
268,560.0,779.8
269,730.0,778.8
270,980.0,779.8
271,1080.0,778.8
272,380.0,774.8
273,680.0,778.3
274,430.0,773.3
275,1080.0,775.8
276,1030.0,780.0
277,260.0,773.3
278,630.0,768.8
279,1030.0,770.8
280,360.0,760.9
281,180.0,752.4
282,680.0,750.4
283,1080.0,754.4
284,1080.0,758.9
285,430.0,752.9
286,430.0,752.4
287,680.0,752.9
288,180.0,742.9
289,1180.0,747.9
290,1030.0,748.9
291,1030.0,752.4
292,680.0,756.4
293,730.0,757.4
294,1180.0,757.4
295,480.0,750.4
296,560.0,748.2
297,680.0,746.2
298,1300.0,748.4
299,1130.0,747.9
300,1080.0,751.1
301,880.0,756.1
302,780.0,753.1
303,780.0,751.1
304,730.0,748.1
305,640.0,751.2
306,280.0,749.4
307,580.0,743.9
308,1080.0,752.4
309,580.0,749.4
310,480.0,747.4
311,230.0,741.9
312,730.0,746.6
313,330.0,745.6
314,830.0,752.1
315,1080.0,752.6
316,330.0,751.1
317,560.0,750.9
318,1080.0,755.9
319,930.0,763.4
320,1080.0,768.4
321,1080.0,771.9
322,1180.0,774.4
323,380.0,765.0
324,780.0,761.0
325,410.0,754.8
326,1180.0,754.8
327,610.0,753.6
328,480.0,747.6
329,680.0,747.1
330,360.0,739.4
331,430.0,733.9
332,1030.0,735.4
333,980.0,734.4
334,860.0,735.2
335,380.0,734.2
336,680.0,732.2
337,780.0,735.2
338,680.0,736.7
339,780.0,734.7
340,580.0,735.7
341,980.0,741.2
342,410.0,738.0
343,510.0,734.3
344,1030.0,737.3
345,1080.0,735.3
346,610.0,731.6
347,410.0,725.9
348,1180.0,729.4
349,530.0,727.9
350,680.0,725.9
351,930.0,729.4
352,1030.0,733.9
353,780.0,737.6
354,1080.0,742.1
355,680.0,743.1
356,760.0,744.4
357,830.0,747.4
358,980.0,749.4
359,980.0,755.4
360,1080.0,759.9
361,780.0,757.4
362,430.0,757.9
363,260.0,748.7
364,930.0,751.7
365,480.0,740.3
366,880.0,743.8
367,1080.0,747.3
368,980.0,751.5
369,1080.0,755.0
370,580.0,751.0
371,730.0,747.5
372,1080.0,754.5
373,980.0,757.5
374,460.0,757.8
375,310.0,750.1
376,680.0,746.6
377,630.0,750.3
378,380.0,747.8
379,580.0,743.3
380,730.0,747.0
381,980.0,755.0
382,930.0,757.5
383,680.0,753.5
384,380.0,746.5
385,410.0,746.3
386,480.0,746.8
387,630.0,746.3
388,1280.0,757.3
389,1030.0,755.8
390,480.0,750.3
391,530.0,745.3
392,830.0,746.8
393,480.0,744.3
394,1080.0,743.3
395,1130.0,749.8
396,780.0,752.0
397,1130.0,756.5
398,1180.0,755.3
399,930.0,753.3
400,480.0,747.3
401,780.0,746.3
402,830.0,746.8
403,480.0,743.8
404,510.0,741.6
405,530.0,740.5
406,530.0,743.0
407,310.0,740.3
408,580.0,735.3
409,1080.0,740.3
410,480.0,740.3
411,730.0,745.3
412,630.0,744.3
413,430.0,745.3
414,530.0,742.3
415,560.0,737.1
416,680.0,740.6
417,780.0,742.8
418,830.0,740.3
419,680.0,737.8
420,580.0,732.8
421,780.0,729.8
422,290.0,720.9
423,680.0,723.9
424,630.0,722.4
425,230.0,720.6
426,480.0,713.6
427,630.0,713.8
428,980.0,718.8
429,780.0,719.8
430,980.0,726.0
431,480.0,726.5
432,580.0,722.0
433,480.0,717.0
434,290.0,711.3
435,480.0,712.3
436,780.0,713.3
437,980.0,715.3
438,480.0,713.3
439,680.0,712.3
440,930.0,715.8
441,430.0,710.3
442,580.0,712.0
443,310.0,710.0
444,680.0,706.5
445,380.0,699.5
446,530.0,698.7
447,1030.0,704.9
448,980.0,702.9
449,360.0,701.2
450,780.0,702.2
451,280.0,695.7
452,1080.0,696.2
453,630.0,694.7
454,460.0,688.5
455,530.0,687.0
456,880.0,688.2
457,780.0,687.7
458,710.0,685.0
459,310.0,678.3
460,630.0,673.8
461,680.0,672.8
462,680.0,675.3
463,630.0,679.0
464,410.0,673.8
465,230.0,671.3
466,680.0,669.3
467,110.0,659.6
468,410.0,653.9
469,630.0,649.4
470,360.0,647.2
471,860.0,648.5
472,480.0,642.5
473,1180.0,644.5
474,780.0,647.7
475,930.0,653.9
476,260.0,649.7
477,230.0,645.7
478,280.0,644.7
479,380.0,642.7
480,980.0,645.2
481,830.0,643.7
482,630.0,640.7
483,530.0,639.2
484,380.0,639.2
485,830.0,643.4
486,1280.0,651.4
487,980.0,654.9
488,330.0,645.4
489,360.0,638.7
490,660.0,640.5
491,480.0,640.0
492,680.0,638.5
493,630.0,640.0
494,830.0,637.5
495,330.0,629.5
496,460.0,626.3
497,730.0,622.3
498,630.0,616.8
499,380.0,611.3
500,1080.0,617.3
501,430.0,613.8
502,430.0,609.8
503,480.0,609.8
504,730.0,612.0
505,480.0,611.5
506,680.0,613.0
507,930.0,619.2
508,880.0,622.2
509,480.0,616.2
510,680.0,618.2
511,530.0,616.2
512,380.0,613.7
513,1030.0,619.7
514,280.0,617.2
515,730.0,618.9
516,480.0,616.9
517,310.0,612.2
518,580.0,609.7
519,580.0,608.7
520,480.0,607.7
521,730.0,607.2
522,630.0,610.6
523,380.0,607.6
524,480.0,606.1
525,410.0,607.9
526,1080.0,613.9
527,1130.0,618.9
528,830.0,617.4
529,480.0,614.4
530,610.0,610.7
531,880.0,614.7
532,630.0,615.2
533,580.0,616.2
534,730.0,620.6
535,880.0,624.6
536,630.0,623.1
537,480.0,618.1
538,580.0,619.1
539,110.0,613.4
540,730.0,611.4
541,1300.0,620.1
542,680.0,621.1
543,310.0,621.1
544,530.0,619.6
545,980.0,625.6
546,780.0,628.1
547,780.0,625.6
548,530.0,621.1
549,1030.0,627.8
550,680.0,626.8
551,190.0,625.9
552,1080.0,625.9
553,1180.0,631.4
554,580.0,632.6
555,1080.0,638.1
556,730.0,636.6
557,1080.0,639.6
558,530.0,637.8
559,780.0,642.5
560,630.0,642.5
561,930.0,645.0
562,830.0,646.5
563,630.0,646.5
564,630.0,648.7
565,430.0,650.7
566,180.0,645.7
567,230.0,646.9
568,160.0,644.4
569,160.0,639.7
570,1080.0,646.9
571,480.0,643.1
572,380.0,642.1
573,130.0,631.6
574,830.0,632.1
575,660.0,629.4
576,530.0,632.1
577,880.0,638.6
578,230.0,638.1
579,280.0,637.1
580,380.0,631.1
581,530.0,628.1
582,1080.0,632.6
583,260.0,629.9
584,330.0,629.4
585,230.0,623.4
586,780.0,618.4
587,360.0,612.2
588,1180.0,620.7
589,310.0,620.2
590,780.0,621.4
591,380.0,620.4
592,160.0,615.2
593,280.0,611.7
594,280.0,606.2
595,410.0,607.0
596,530.0,607.7
597,460.0,605.0
598,430.0,603.0
599,530.0,604.5
600,1080.0,604.5
601,730.0,607.5
602,730.0,610.5
603,880.0,614.5
604,630.0,613.5
605,430.0,613.0
606,880.0,615.0
607,360.0,609.3
608,980.0,610.3
609,880.0,614.3
610,880.0,616.3
611,260.0,613.6
612,530.0,615.1
613,880.0,613.6
614,580.0,616.6
615,280.0,612.1
616,430.0,611.6
617,780.0,616.3
618,210.0,612.6
619,780.0,614.6
620,730.0,617.1
621,310.0,612.9
622,880.0,615.4
623,280.0,614.4
624,730.0,616.9
625,1180.0,624.6
626,580.0,619.6
627,630.0,614.6
628,680.0,613.1
629,680.0,615.1
630,730.0,616.3
631,410.0,611.6
632,480.0,610.1
633,830.0,612.6
634,680.0,612.1
635,780.0,611.1
636,580.0,610.6
637,430.0,610.1
638,830.0,612.6
639,630.0,617.8
640,530.0,615.8
641,830.0,611.1
642,830.0,612.6
643,460.0,614.1
644,880.0,617.6
645,380.0,611.6
646,1180.0,615.6
647,410.0,611.9
648,830.0,614.9
649,930.0,613.9
650,480.0,611.9
651,880.0,618.8
652,230.0,610.3
653,1030.0,608.8
654,430.0,607.3
655,530.0,601.8
656,380.0,598.3
657,360.0,591.1
658,680.0,592.6
659,480.0,589.6
660,1080.0,594.1
661,480.0,589.6
662,1080.0,592.1
663,480.0,590.6
664,980.0,594.1
665,880.0,598.6
666,730.0,604.1
667,360.0,605.4
668,410.0,607.9
669,360.0,609.9
670,980.0,608.9
671,630.0,610.4
672,930.0,615.9
673,240.0,617.0
674,580.0,614.5
675,380.0,611.7
676,1030.0,616.7
677,580.0,613.7
678,930.0,620.7
679,260.0,620.5
680,130.0,618.0
681,360.0,616.3
682,980.0,615.3
683,780.0,620.5
684,530.0,622.5
685,290.0,623.1
686,360.0,618.9
687,730.0,622.6
688,410.0,614.9
689,730.0,619.1
690,330.0,614.6
691,1180.0,622.6
692,1080.0,631.8
693,230.0,631.3
694,730.0,635.8
695,380.0,635.5
696,980.0,640.0
697,680.0,642.2
698,480.0,642.7
699,780.0,645.2
700,430.0,638.7
701,680.0,638.2
702,180.0,632.7
703,580.0,629.7
704,730.0,630.7
705,380.0,630.2
706,480.0,626.2
707,780.0,630.4
708,380.0,624.4
709,630.0,621.9
710,580.0,618.9
711,580.0,622.1
712,480.0,621.6
713,330.0,616.1
714,680.0,617.1
715,980.0,624.1
716,560.0,625.4
717,580.0,623.4
718,480.0,626.1
719,430.0,622.6
720,710.0,622.4
721,310.0,622.4
722,160.0,615.2
723,160.0,614.0
724,280.0,609.5
725,430.0,602.0
726,830.0,604.5
727,230.0,600.5
728,630.0,600.0
729,260.0,595.8
730,760.0,596.1
731,360.0,595.6
732,580.0,596.6
733,980.0,598.1
734,830.0,599.6
735,430.0,596.1
736,310.0,593.4
737,680.0,595.9
738,480.0,592.4
739,730.0,593.4
740,880.0,596.9
741,360.0,592.2
742,380.0,587.7
743,730.0,590.4
744,180.0,583.4
745,830.0,587.9
746,980.0,585.9
747,830.0,590.1
748,580.0,587.6
749,680.0,585.1
750,330.0,583.6
751,460.0,579.4
752,380.0,580.9
753,630.0,576.9
754,330.0,575.9
755,1130.0,581.9
756,230.0,580.4
757,310.0,579.9
758,430.0,577.4
759,280.0,575.4
760,730.0,571.9
761,260.0,569.7
762,330.0,562.2
763,130.0,558.7
764,410.0,553.0
765,530.0,549.5
766,430.0,546.5
767,480.0,547.7
768,380.0,547.4
769,310.0,546.9
770,360.0,540.7
771,1180.0,546.2
772,260.0,539.5
773,430.0,541.4
774,930.0,544.9
775,980.0,550.9
776,360.0,544.2
777,830.0,546.7
778,430.0,541.7
779,480.0,543.9
780,280.0,545.4
781,530.0,547.1
782,1300.0,550.3
783,360.0,546.1
784,210.0,542.9
785,580.0,545.8
786,330.0,545.5
787,490.0,543.1
788,380.0,542.8
789,530.0,540.8
790,430.0,541.8
791,610.0,536.1
792,330.0,528.6
793,410.0,530.4
794,430.0,527.4
795,830.0,531.9
796,380.0,525.9
797,460.0,523.7
798,430.0,523.2
799,230.0,517.7
800,1080.0,524.2
801,480.0,522.2
802,680.0,527.2
803,580.0,527.2
804,430.0,524.2
805,880.0,529.2
806,530.0,529.7
807,610.0,528.0
808,410.0,528.3
809,480.0,526.8
810,630.0,527.3
811,630.0,527.8
812,780.0,530.8
813,140.0,528.9
814,260.0,524.7
815,830.0,523.2
816,430.0,521.9
817,430.0,520.4
818,730.0,522.9
819,630.0,524.9
820,320.0,521.0
821,1080.0,528.7
822,460.0,531.7
823,980.0,539.9
824,310.0,540.2
825,680.0,542.7
826,980.0,544.2
827,930.0,551.2
828,630.0,551.2
829,310.0,551.7
830,430.0,548.4
831,380.0,548.6
832,1080.0,553.6
833,160.0,545.4
834,290.0,540.0
835,710.0,542.8
836,160.0,541.3
837,480.0,539.3
838,530.0,539.8
839,480.0,537.3
840,730.0,535.8
841,730.0,539.5
842,410.0,539.8
843,160.0,534.1
844,630.0,538.6
845,130.0,531.6
846,380.0,525.6
847,980.0,527.1
848,260.0,523.9
849,430.0,521.4
850,330.0,521.4
851,630.0,523.1
852,1030.0,529.6
853,480.0,528.1
854,480.0,529.6
855,530.0,523.6
856,680.0,528.1
857,480.0,529.8
858,780.0,533.3
859,580.0,536.3
860,480.0,533.8
861,580.0,537.0
862,410.0,537.8
863,560.0,542.1
864,130.0,539.3
865,330.0,537.3
866,410.0,537.1
867,530.0,537.6
868,380.0,537.6
869,230.0,536.8
870,680.0,540.0
871,280.0,531.0
872,380.0,532.2
873,230.0,530.2
874,330.0,524.2
875,330.0,517.7
876,330.0,517.4
877,680.0,515.9
878,330.0,514.9
879,210.0,512.2
880,580.0,515.2
881,530.0,515.2
882,460.0,506.8
883,830.0,511.5
884,330.0,512.7
885,630.0,513.2
886,460.0,514.5
887,180.0,511.4
888,280.0,510.4
889,430.0,509.4
890,160.0,506.7
891,680.0,507.4
892,410.0,508.2
893,510.0,509.2
894,480.0,509.7
895,560.0,507.0
896,830.0,511.5
897,480.0,511.7
898,480.0,512.2
899,380.0,513.7
900,630.0,509.2
901,290.0,507.3
902,580.0,506.3
903,530.0,505.8
904,730.0,508.8
905,780.0,507.8
906,380.0,506.3
907,530.0,505.5
908,380.0,505.2
909,680.0,507.2
910,530.0,506.2
911,610.0,506.0
912,330.0,501.5
913,530.0,505.4
914,260.0,505.4
915,530.0,502.4
916,630.0,504.4
917,680.0,506.9
918,230.0,501.9
919,680.0,502.4
920,360.0,502.8
921,280.0,494.8
922,210.0,492.3
923,530.0,487.8
924,630.0,491.0
925,480.0,489.0
926,380.0,483.0
927,580.0,479.5
928,630.0,479.5
929,330.0,479.7
930,380.0,479.2
931,710.0,482.5
932,460.0,476.3
933,330.0,478.0
934,330.0,478.4
935,530.0,476.6
936,280.0,477.8
937,280.0,475.8
938,280.0,473.3
939,630.0,474.8
940,230.0,469.8
941,880.0,471.3
942,410.0,471.3
943,1080.0,480.5
944,980.0,484.0
945,760.0,490.3
946,130.0,487.8
947,430.0,482.3
948,340.0,483.1
949,330.0,482.1
950,430.0,483.1
951,260.0,479.4
952,230.0,471.4
953,380.0,470.4
954,180.0,467.4
955,580.0,467.9
956,430.0,465.4
957,380.0,464.4
958,780.0,464.4
959,280.0,461.4
960,880.0,465.4
961,190.0,461.5
962,530.0,462.7
963,430.0,461.4
964,410.0,464.2
965,730.0,468.2
966,280.0,466.9
967,380.0,465.4
968,190.0,463.5
969,330.0,464.5
970,980.0,467.5
971,330.0,468.0
972,210.0,466.3
973,530.0,469.3
974,1180.0,477.8
975,360.0,478.1
976,780.0,482.6
977,680.0,482.6
978,430.0,483.6
979,530.0,486.8
980,310.0,484.1
981,580.0,484.6
982,780.0,487.8
983,310.0,482.6
984,730.0,486.6
985,380.0,484.1
986,560.0,485.1
987,780.0,491.1
988,230.0,490.6
989,360.0,489.9
990,680.0,495.1
991,310.0,491.4
992,360.0,490.9
993,630.0,492.1
994,560.0,492.9
995,1130.0,498.6
996,410.0,494.4
997,830.0,497.9
998,480.0,497.9
999,160.0,495.7
1000,330.0,492.7
1001,280.0,492.6
1002,480.0,491.6
1003,580.0,492.1
1004,460.0,489.4
1005,380.0,485.4
1006,190.0,483.5
1007,460.0,482.8
1008,430.0,483.3
1009,630.0,482.8
1010,530.0,482.8
1011,140.0,478.1
1012,430.0,479.1
1013,630.0,480.1
1014,530.0,482.8
1015,530.0,482.8
1016,380.0,480.3
1017,1080.0,484.3
1018,330.0,485.3
1019,630.0,484.8
1020,430.0,485.5
1021,680.0,489.5
1022,530.0,492.7
1023,630.0,493.7
1024,330.0,490.7
1025,430.0,490.2
1026,210.0,488.5
1027,1080.0,493.5
1028,680.0,494.0
1029,280.0,493.5
1030,410.0,493.8
1031,340.0,490.1
1032,430.0,489.8
1033,580.0,492.3
1034,510.0,494.1
1035,480.0,493.6
1036,460.0,495.4
1037,580.0,498.4
1038,460.0,500.2
1039,430.0,498.2
1040,630.0,502.2
1041,580.0,499.2
1042,360.0,498.7
1043,330.0,491.2
1044,410.0,485.5
1045,410.0,482.0
1046,380.0,484.5
1047,530.0,485.5
1048,730.0,489.4
1049,430.0,490.4
1050,680.0,492.9
1051,260.0,492.9
1052,680.0,497.4
1053,510.0,498.7
1054,480.0,501.7
1055,1180.0,507.7
1056,630.0,509.7
1057,730.0,513.2
1058,460.0,510.0
1059,130.0,508.5
1060,230.0,502.0
1061,630.0,506.4
1062,380.0,504.9
1063,210.0,502.7
1064,260.0,501.2
1065,240.0,496.3
1066,780.0,501.3
1067,780.0,505.3
1068,880.0,512.2
1069,190.0,510.8
1070,380.0,504.8
1071,260.0,504.1
1072,780.0,509.8
1073,560.0,510.1
1074,680.0,505.1
1075,580.0,507.3
1076,340.0,502.9
1077,430.0,500.4
1078,430.0,500.4
1079,330.0,498.4
1080,780.0,503.1
1081,130.0,498.6
1082,580.0,496.6
1083,530.0,498.8
1084,330.0,494.8
1085,430.0,495.3
1086,430.0,494.0
1087,630.0,492.5
1088,530.0,495.5
1089,480.0,496.7
1090,560.0,495.5
1091,580.0,498.2
1092,780.0,502.4
1093,360.0,499.7
1094,280.0,496.9
1095,380.0,489.4
1096,530.0,490.6
1097,530.0,487.6
1098,580.0,488.6
1099,430.0,491.3
1100,410.0,492.1
1101,680.0,496.1
1102,330.0,494.6
1103,930.0,498.1
1104,530.0,498.8
1105,480.0,499.8
1106,630.0,504.2
1107,510.0,504.7
1108,430.0,504.7
1109,160.0,500.0
1110,780.0,502.5
1111,680.0,507.9
1112,480.0,508.4
1113,360.0,505.7
1114,280.0,503.2
1115,180.0,499.7
1116,230.0,498.2
1117,880.0,496.2
1118,680.0,499.7
1119,580.0,499.2
1120,680.0,501.7
1121,310.0,498.0
1122,160.0,494.3
1123,160.0,489.6
1124,330.0,489.6
1125,390.0,489.2
1126,230.0,489.4
1127,330.0,481.9
1128,330.0,478.4
1129,460.0,480.2
1130,330.0,479.4
1131,680.0,482.8
1132,230.0,480.8
1133,480.0,479.8
1134,730.0,482.0
1135,280.0,480.0
1136,310.0,478.5
1137,380.0,476.5
1138,830.0,480.2
1139,660.0,482.5
1140,730.0,483.5
1141,580.0,483.5
1142,830.0,488.2
1143,330.0,488.2
1144,580.0,489.9
1145,630.0,492.1
1146,730.0,495.6
1147,380.0,494.1
1148,380.0,490.6
1149,330.0,489.6
1150,330.0,486.1
1151,210.0,485.6
1152,110.0,479.9
1153,360.0,478.4
1154,330.0,476.9
1155,360.0,468.7
1156,630.0,468.7
1157,380.0,465.2
1158,430.0,464.9
1159,180.0,465.4
1160,480.0,467.9
1161,1300.0,474.6
1162,430.0,475.1
1163,310.0,476.1
1164,410.0,477.6
1165,410.0,479.3
1166,130.0,472.8
1167,260.0,467.6
1168,260.0,461.4
1169,430.0,463.8
1170,380.0,463.8
1171,180.0,463.0
1172,280.0,458.0
1173,230.0,454.7
1174,460.0,452.5
1175,530.0,452.0
1176,280.0,451.4
1177,210.0,449.2
1178,430.0,449.2
1179,430.0,450.2
1180,380.0,446.2
1181,160.0,446.5
1182,480.0,445.5
1183,1080.0,451.0
1184,630.0,454.0
1185,330.0,453.0
1186,130.0,450.0
1187,630.0,450.0
1188,230.0,447.0
1189,230.0,444.5
1190,230.0,441.2
1191,280.0,438.2
1192,140.0,431.8
1193,660.0,434.8
1194,730.0,439.3
1195,310.0,438.6
1196,730.0,440.6
1197,410.0,439.4
1198,380.0,437.4
1199,530.0,438.4
1200,830.0,442.6
1201,190.0,437.7
1202,240.0,436.8
1203,290.0,430.4
1204,130.0,426.4
1205,230.0,423.9
1206,380.0,421.4
1207,230.0,418.6
1208,430.0,418.6
1209,360.0,420.6
1210,560.0,418.4
1211,280.0,414.4
1212,530.0,414.9
1213,190.0,413.2
1214,360.0,414.0
1215,330.0,415.5
1216,380.0,417.0
1217,380.0,412.0
1218,580.0,411.0
1219,630.0,411.5
1220,630.0,411.0
1221,930.0,417.2
1222,530.0,420.9
1223,440.0,423.7
1224,310.0,423.5
1225,1080.0,430.4
1226,280.0,430.9
1227,180.0,429.4
1228,430.0,430.4
1229,460.0,430.4
1230,480.0,431.9
1231,610.0,431.2
1232,780.0,436.7
1233,880.0,440.7
1234,380.0,437.2
1235,260.0,437.0
1236,530.0,439.2
1237,140.0,436.8
1238,460.0,433.1
1239,210.0,428.6
1240,430.0,425.6
1241,130.0,421.1
1242,130.0,414.1
1243,530.0,416.1
1244,560.0,415.9
1245,210.0,411.7
1246,280.0,407.2
1247,460.0,408.0
1248,610.0,410.3
1249,360.0,410.6
1250,110.0,408.4
1251,280.0,409.1
1252,310.0,411.1
1253,630.0,413.8
1254,310.0,413.6
1255,630.0,416.3
1256,480.0,414.8
1257,230.0,413.3
1258,210.0,411.1
1259,1080.0,420.1
1260,460.0,419.9
1261,160.0,408.5
1262,460.0,408.8
1263,830.0,414.0
1264,280.0,412.7
1265,380.0,412.4
1266,580.0,416.9
1267,310.0,417.4
1268,480.0,419.6
1269,780.0,423.1
1270,480.0,424.1
1271,430.0,426.6
1272,680.0,430.6
1273,380.0,432.1
1274,410.0,431.6
1275,1180.0,438.1
1276,180.0,437.1
1277,240.0,437.4
1278,260.0,435.7
1279,530.0,436.7
1280,480.0,437.7
1281,830.0,444.4
1282,440.0,444.0
1283,580.0,439.0
1284,480.0,437.5
1285,630.0,440.5
1286,140.0,440.6
1287,380.0,438.1
1288,530.0,441.1
1289,380.0,442.6
1290,380.0,444.1
1291,180.0,443.1
1292,830.0,450.0
1293,310.0,446.5
1294,530.0,444.5
1295,230.0,443.7
1296,530.0,441.7
1297,360.0,441.2
1298,730.0,444.7
1299,230.0,441.7
1300,380.0,437.2
1301,680.0,442.1
1302,680.0,446.5
1303,530.0,448.9
1304,410.0,451.7
1305,310.0,452.5
1306,580.0,454.5
1307,260.0,454.8
1308,380.0,454.3
1309,230.0,453.0
1310,580.0,453.2
1311,390.0,454.3
1312,410.0,453.1
1313,680.0,458.0
1314,330.0,457.7
1315,280.0,457.2
1316,510.0,458.5
1317,360.0,458.3
1318,190.0,454.4
1319,480.0,452.9
1320,160.0,448.2
1321,430.0,443.2
1322,330.0,441.2
1323,330.0,440.1
1324,310.0,440.1
1325,190.0,431.2
1326,760.0,436.0
1327,180.0,436.0
1328,630.0,438.0
1329,360.0,437.0
1330,380.0,436.0
1331,280.0,432.7
1332,210.0,427.0
1333,460.0,422.8
1334,780.0,426.8
1335,280.0,427.0
1336,330.0,425.0
1337,430.0,427.9
1338,260.0,425.9
1339,580.0,429.6
1340,230.0,427.6
1341,630.0,432.6
1342,110.0,432.4
1343,310.0,430.2
1344,580.0,430.4
1345,210.0,430.4
1346,930.0,436.9
1347,680.0,439.1
1348,430.0,437.3
1349,180.0,435.5
1350,330.0,437.7
1351,330.0,438.2
1352,360.0,438.7
1353,460.0,437.0
1354,830.0,442.2
1355,260.0,438.5
1356,880.0,442.5
1357,160.0,441.8
1358,580.0,445.5
1359,310.0,437.8
1360,680.0,440.0
1361,210.0,440.5
1362,430.0,440.2
1363,280.0,434.7
1364,110.0,433.0
1365,460.0,433.8
1366,460.0,432.6
1367,330.0,432.8
1368,630.0,434.3
1369,530.0,431.8
1370,530.0,432.3
1371,180.0,429.8
1372,110.0,424.1
1373,430.0,424.6
1374,230.0,422.8
1375,630.0,417.3
1376,310.0,418.6
1377,410.0,420.3
1378,430.0,422.0
1379,530.0,422.0
1380,110.0,418.3
1381,280.0,412.8
1382,280.0,411.2
1383,310.0,408.5
1384,630.0,410.0
1385,680.0,410.5
1386,160.0,410.7
1387,210.0,409.0
1388,340.0,407.1
1389,480.0,408.1
1390,310.0,407.4
1391,330.0,408.9
1392,110.0,401.7
1393,380.0,402.4
1394,310.0,400.2
1395,230.0,400.2
1396,110.0,396.0
1397,230.0,394.7
1398,430.0,391.7
1399,210.0,391.5
1400,430.0,392.0
1401,380.0,389.0
1402,530.0,387.5
1403,230.0,384.5
1404,180.0,382.2
1405,480.0,383.9
1406,730.0,385.4
1407,290.0,385.7
1408,530.0,387.2
1409,210.0,387.0
1410,110.0,382.3
1411,430.0,382.7
1412,280.0,381.4
1413,730.0,381.9
1414,480.0,383.4
1415,160.0,382.2
1416,610.0,383.2
1417,410.0,383.7
1418,780.0,389.6
1419,460.0,389.4
1420,280.0,390.6
1421,180.0,388.1
1422,380.0,388.6
1423,280.0,388.1
1424,360.0,388.6
1425,580.0,392.5
1426,430.0,389.2
1427,930.0,396.7
1428,310.0,393.5
1429,260.0,392.5
1430,360.0,392.3
1431,360.0,393.1
1432,510.0,396.1
1433,240.0,393.9
1434,560.0,391.7
1435,110.0,390.0
1436,230.0,389.0
1437,360.0,388.3
1438,480.0,390.5
1439,380.0,388.5
1440,230.0,388.5
1441,330.0,385.5
1442,230.0,386.7
1443,160.0,385.2
1444,210.0,381.5
1445,340.0,382.8
1446,280.0,376.3
1447,230.0,371.8
1448,280.0,370.3
1449,330.0,371.8
1450,430.0,372.8
1451,310.0,372.6
1452,280.0,371.8
1453,210.0,369.3
1454,460.0,365.6
1455,730.0,370.3
1456,430.0,365.8
1457,310.0,367.3
1458,230.0,363.8
1459,430.0,365.0
1460,330.0,361.5
1461,240.0,361.8
1462,160.0,359.1
1463,180.0,358.1
1464,480.0,361.8
1465,180.0,359.0
1466,430.0,358.7
1467,310.0,358.5
1468,480.0,357.0
1469,210.0,353.8
1470,310.0,351.6
1471,610.0,355.9
1472,330.0,358.1
1473,240.0,356.2
1474,780.0,361.7
1475,530.0,360.7
1476,110.0,358.7
1477,530.0,359.9
1478,180.0,357.4
1479,310.0,355.2
1480,440.0,358.5
1481,160.0,357.3
1482,210.0,356.6
1483,160.0,355.1
1484,880.0,357.6
1485,240.0,353.2
1486,280.0,354.4
1487,310.0,355.4
1488,380.0,355.8
1489,260.0,353.6
1490,780.0,358.3
1491,290.0,357.9
1492,330.0,360.1
1493,380.0,360.1
1494,310.0,360.1
1495,360.0,361.4
1496,430.0,364.6
1497,460.0,366.9
1498,630.0,368.9
1499,180.0,368.6
1500,330.0,367.6
1501,490.0,368.7
1502,210.0,365.5
1503,530.0,368.5
1504,330.0,370.0
1505,530.0,370.5
1506,510.0,368.3
1507,580.0,371.2
1508,410.0,370.0
1509,260.0,370.5
1510,230.0,371.7
1511,160.0,369.0
1512,260.0,368.8
1513,210.0,363.6
1514,530.0,364.1
1515,260.0,365.1
1516,330.0,362.3
1517,110.0,359.3
1518,160.0,353.1
1519,230.0,350.8
1520,230.0,350.3
1521,380.0,352.3
1522,260.0,351.1
1523,340.0,351.7
1524,180.0,349.9
1525,410.0,348.2
1526,310.0,347.0
1527,260.0,340.3
1528,260.0,339.8
1529,380.0,341.0
1530,210.0,339.5
1531,530.0,341.2
1532,160.0,337.7
1533,380.0,339.1
1534,180.0,335.3
1535,380.0,338.0
1536,160.0,337.3
1537,160.0,335.3
1538,330.0,333.8
1539,360.0,333.6
1540,230.0,333.6
1541,380.0,334.1
1542,260.0,334.4
1543,230.0,335.1
1544,330.0,336.3
1545,260.0,335.5
1546,280.0,335.5
1547,190.0,335.1
1548,530.0,337.6
1549,310.0,337.4
1550,230.0,335.4
1551,310.0,335.4
1552,430.0,336.9
1553,260.0,337.4
1554,480.0,337.6
1555,430.0,334.6
1556,160.0,331.9
1557,530.0,334.1
1558,230.0,334.1
1559,380.0,333.6
1560,530.0,335.6
1561,380.0,337.0
1562,630.0,341.7
1563,280.0,342.7
1564,460.0,342.5
1565,380.0,344.5
1566,180.0,342.0
1567,140.0,340.3
1568,160.0,337.1
1569,110.0,336.1
1570,410.0,337.1
1571,260.0,333.6
1572,230.0,332.6
1573,430.0,334.5
1574,360.0,330.3
1575,130.0,326.3
1576,130.0,326.5
1577,210.0,323.3
1578,260.0,324.1
1579,380.0,324.8
1580,210.0,322.5
1581,630.0,327.2
1582,360.0,328.7
1583,110.0,328.2
1584,280.0,322.2
1585,480.0,324.6
1586,260.0,324.4
1587,580.0,327.1
1588,530.0,328.6
1589,110.0,327.1
1590,160.0,320.9
1591,180.0,319.8
1592,260.0,319.1
1593,330.0,318.6
1594,480.0,320.3
1595,210.0,318.8
1596,580.0,320.3
1597,160.0,317.3
1598,330.0,314.3
1599,110.0,313.6
1600,210.0,312.4
1601,380.0,311.3
1602,160.0,310.8
1603,110.0,306.6
1604,410.0,307.4
1605,430.0,306.4
1606,230.0,303.6
1607,360.0,301.4
1608,340.0,300.7
1609,280.0,300.9
1610,480.0,303.4
1611,160.0,303.4
1612,380.0,304.6
1613,360.0,306.1
1614,360.0,304.4
1615,140.0,303.2
1616,410.0,304.0
1617,110.0,304.0
1618,190.0,304.3
1619,330.0,305.3
1620,340.0,306.4
1621,380.0,306.4
1622,210.0,305.9
1623,310.0,305.6
1624,330.0,307.1
1625,280.0,305.8
1626,380.0,306.5
1627,480.0,308.7
1628,180.0,307.9
1629,410.0,308.2
1630,110.0,307.2
1631,530.0,307.2
1632,360.0,309.2
1633,380.0,309.2
1634,230.0,309.7
1635,380.0,309.7
1636,330.0,311.4
1637,280.0,312.6
1638,280.0,312.1
1639,580.0,314.3
1640,280.0,314.8
1641,330.0,314.3
1642,140.0,313.1
1643,210.0,312.9
1644,410.0,313.7
1645,260.0,313.7
1646,280.0,313.7
1647,360.0,315.4
1648,160.0,311.7
1649,230.0,310.9
1650,330.0,311.9
1651,530.0,314.1
1652,160.0,311.4
1653,410.0,312.9
1654,360.0,311.7
1655,360.0,311.0
1656,260.0,312.0
1657,160.0,308.3
1658,110.0,307.1
1659,260.0,305.9
1660,160.0,302.2
1661,490.0,303.3
1662,680.0,303.8
1663,380.0,304.8
1664,240.0,302.6
1665,380.0,302.6
1666,330.0,304.1
1667,110.0,303.8
1668,310.0,305.3
1669,530.0,309.5
1670,230.0,307.7
1671,430.0,309.4
1672,330.0,310.4
1673,330.0,309.4
1674,330.0,309.1
1675,460.0,312.4
1676,290.0,314.0
1677,310.0,315.0
1678,410.0,316.5
1679,160.0,314.3
1680,410.0,316.3
1681,280.0,312.8
1682,310.0,312.3
1683,280.0,314.0
1684,180.0,313.0
1685,130.0,309.5
1686,180.0,308.7
1687,260.0,305.5
1688,460.0,304.8
1689,180.0,305.5
1690,360.0,307.5
1691,730.0,313.0
1692,460.0,315.0
1693,210.0,313.8
1694,230.0,311.3
1695,230.0,311.5
1696,380.0,309.5
1697,110.0,309.0
1698,730.0,313.0
1699,880.0,320.7
1700,110.0,319.7
1701,330.0,319.2
1702,330.0,320.9
1703,530.0,325.1
1704,180.0,322.8
1705,230.0,320.8
1706,260.0,321.1
1707,280.0,320.3
1708,280.0,319.7
1709,410.0,321.0
1710,330.0,319.5
1711,310.0,321.0
1712,380.0,321.0
1713,180.0,319.2
1714,160.0,317.2
1715,530.0,321.1
1716,380.0,320.8
1717,580.0,325.5
1718,260.0,326.2
1719,380.0,326.7
1720,210.0,325.4
1721,160.0,323.2
1722,160.0,322.7
1723,180.0,321.4
1724,260.0,320.7
1725,180.0,319.7
1726,430.0,320.2
1727,180.0,317.2
1728,210.0,317.5
1729,360.0,317.0
1730,430.0,320.2
1731,210.0,317.0
1732,130.0,314.7
1733,180.0,312.7
1734,360.0,314.0
1735,210.0,312.3
1736,130.0,310.3
1737,160.0,309.1
1738,510.0,311.4
1739,180.0,307.4
1740,410.0,308.7
1741,410.0,309.5
1742,210.0,310.2
1743,260.0,310.7
1744,210.0,308.7
1745,330.0,309.4
1746,110.0,307.7
1747,380.0,307.9
1748,380.0,310.1
1749,230.0,310.1
1750,430.0,311.1
1751,160.0,307.4
1752,340.0,309.2
1753,230.0,307.4
1754,310.0,306.9
1755,260.0,305.9
1756,460.0,307.9
1757,280.0,309.1
1758,310.0,311.1
1759,130.0,309.8
1760,380.0,312.0
1761,460.0,311.7
1762,380.0,308.7
1763,160.0,306.5
1764,110.0,305.2
1765,380.0,305.2
1766,730.0,309.2
1767,260.0,310.7
1768,530.0,312.9
1769,160.0,309.2
1770,380.0,310.7
1771,160.0,308.0
1772,180.0,306.5
1773,260.0,305.8
1774,680.0,309.3
1775,160.0,306.3
1776,430.0,307.7
1777,160.0,306.2
1778,330.0,305.4
1779,360.0,307.4
1780,160.0,304.9
1781,410.0,306.2
1782,580.0,308.9
1783,180.0,307.9
1784,630.0,312.4
1785,180.0,312.9
1786,880.0,319.9
1787,240.0,319.7
1788,430.0,319.4
1789,160.0,319.2
1790,180.0,317.4
1791,410.0,314.2
1792,330.0,312.9
1793,430.0,315.1
1794,230.0,315.1
1795,310.0,315.9
1796,210.0,314.2
1797,330.0,316.4
1798,310.0,312.2
1799,410.0,307.5
1800,280.0,309.2
1801,530.0,311.2
1802,180.0,309.7
1803,280.0,307.2
1804,380.0,309.2
1805,430.0,311.2
1806,330.0,311.9
1807,410.0,313.2
1808,330.0,313.7
1809,480.0,314.4
1810,330.0,314.4
1811,380.0,315.1
1812,480.0,316.1
1813,260.0,316.9
1814,180.0,317.1
1815,430.0,316.1
1816,130.0,313.6
1817,310.0,310.9
1818,210.0,310.4
1819,130.0,307.9
1820,430.0,310.1
1821,380.0,312.3
1822,380.0,314.5
1823,180.0,314.5
1824,240.0,314.3
1825,240.0,314.9
1826,310.0,313.7
1827,180.0,313.7
1828,160.0,313.2
1829,260.0,312.2
1830,260.0,310.5
1831,140.0,309.8
1832,130.0,309.8
1833,160.0,309.6
1834,180.0,307.8
1835,130.0,307.0
1836,110.0,306.8
1837,130.0,306.5
1838,190.0,303.3
1839,230.0,303.8
1840,160.0,301.3
1841,180.0,299.0
1842,110.0,298.0
1843,210.0,297.5
1844,160.0,297.0
1845,260.0,296.3
1846,210.0,297.3
1847,230.0,295.8
1848,110.0,293.1
1849,210.0,292.9
1850,110.0,289.7
1851,210.0,290.2
1852,160.0,288.4
1853,110.0,287.2
1854,280.0,286.9
1855,280.0,287.1
1856,160.0,284.1
1857,110.0,282.4
1858,240.0,281.7
1859,190.0,282.3
1860,220.0,280.7
1861,110.0,277.2
1862,290.0,276.3
1863,190.0,276.6
1864,190.0,277.4
1865,210.0,275.7
1866,110.0,269.5
1867,110.0,268.0
1868,130.0,264.0
1869,160.0,264.0
1870,180.0,262.0
1871,260.0,263.0
1872,190.0,263.1
1873,130.0,261.8
1874,240.0,257.4
1875,130.0,257.1
1876,230.0,255.1
1877,110.0,254.6
1878,180.0,253.1
1879,260.0,252.1
1880,140.0,251.9
1881,430.0,252.1
1882,220.0,248.5
1883,180.0,248.5
1884,140.0,243.6
1885,160.0,243.4
1886,140.0,236.0
1887,260.0,236.2
1888,230.0,234.2
1889,310.0,235.7
1890,160.0,235.5
1891,180.0,233.2
1892,280.0,232.7
1893,160.0,230.0
1894,140.0,229.1
1895,130.0,227.3
1896,610.0,231.3
1897,210.0,230.1
1898,330.0,230.3
1899,310.0,229.3
1900,140.0,227.9
1901,310.0,225.7
1902,260.0,226.5
1903,160.0,225.3
1904,330.0,224.8
1905,480.0,225.3
1906,210.0,224.1
1907,260.0,222.6
1908,260.0,221.9
1909,160.0,218.7
1910,180.0,217.2
1911,110.0,214.5
1912,210.0,211.8
1913,510.0,214.3
1914,240.0,214.9
1915,240.0,213.0
1916,130.0,213.0
1917,310.0,213.0
1918,210.0,213.0
1919,280.0,214.5
1920,180.0,212.0
1921,310.0,211.3
1922,130.0,208.8
1923,290.0,209.9
1924,260.0,210.1
1925,310.0,210.8
1926,180.0,209.5
1927,80.0,208.5
1928,130.0,208.2
1929,280.0,208.4
1930,140.0,207.2
1931,110.0,206.9
1932,240.0,208.0
1933,410.0,210.5
1934,160.0,210.3
1935,260.0,211.6
1936,310.0,213.6
1937,360.0,215.9
1938,140.0,215.4
1939,430.0,217.4
1940,190.0,217.7
1941,160.0,217.5
1942,210.0,218.5
1943,310.0,219.5
1944,280.0,220.7
1945,230.0,220.4
1946,260.0,220.9
1947,260.0,221.2
1948,340.0,223.5
1949,160.0,223.0
1950,230.0,224.2
1951,330.0,225.4
1952,260.0,226.4
1953,180.0,227.1
1954,160.0,225.9
1955,360.0,226.7
1956,380.0,228.9
1957,210.0,229.9
1958,180.0,229.3
1959,190.0,229.3
1960,210.0,229.2
1961,160.0,229.7
1962,260.0,229.4
1963,260.0,230.1
1964,110.0,229.3
1965,140.0,228.6
1966,240.0,229.9
1967,260.0,231.4
1968,160.0,231.7
1969,210.0,232.2
1970,210.0,232.5
1971,160.0,231.5
1972,110.0,230.7
1973,210.0,231.5
1974,130.0,230.4
1975,160.0,230.7
1976,180.0,230.2
1977,140.0,230.5
1978,210.0,230.8
1979,160.0,229.8
1980,160.0,230.0
1981,190.0,227.6
1982,210.0,227.5
1983,140.0,227.1
1984,210.0,227.8
1985,180.0,228.0
1986,160.0,228.2
1987,180.0,227.4
1988,380.0,228.9
1989,130.0,227.1
1990,190.0,227.4
1991,260.0,228.2
1992,210.0,227.5
1993,140.0,227.3
1994,160.0,227.5
1995,240.0,228.6
1996,180.0,224.3
1997,190.0,224.1
1998,140.0,222.2
1999,110.0,220.2
2000,160.0,220.4
