{
    // Use IntelliSense to learn about possible attributes.
    // Hover to view descriptions of existing attributes.
    // For more information, visit: https://go.microsoft.com/fwlink/?linkid=830387
    "version": "0.2.0",
    "configurations": [
        {
            "name": "Run Tests",
            "type": "cppdbg",
            "request": "launch",
            "preLaunchTask": "make project",
            "program": "${workspaceFolder}/build/run_tests",
            "args": [],
            "stopAtEntry": false,
            "cwd": "${workspaceFolder}/build",
            "environment": [],
            "externalConsole": false,
            "MIMode": "gdb",
            "setupCommands": [
                {
                    "description": "Enable pretty-printing for gdb",
                    "text": "-enable-pretty-printing",
                    "ignoreFailures": false
                }
            ],
            "miDebuggerPath": "/usr/bin/gdb"
        },
        {
            "name": "Run App",
            "type": "cppdbg",
            "request": "launch",
            "preLaunchTask": "make project",
            "program": "${workspaceFolder}/build/run_app",
            "args": [],
            "stopAtEntry": false,
            "cwd": "${workspaceFolder}/build",
            "environment": [],
            "externalConsole": false,
            "MIMode": "gdb",
            "setupCommands": [
                {
                    "description": "Enable pretty-printing for gdb",
                    "text": "-enable-pretty-printing",
                    "ignoreFailures": false
                }
            ],
            "miDebuggerPath": "/usr/bin/gdb"
        }
    ]
}
